{"final_rmse": 0.6925944595275827, "_timestamp": 1703294822.9273894, "_runtime": 46.710190296173096, "_step": 0, "_wandb": {"runtime": 45}}