{"final_rmse": 0.7151603510074285, "_timestamp": 1703294522.8284733, "_runtime": 38.83286428451538, "_step": 0, "_wandb": {"runtime": 37}}