{"final_rmse": 0.71696050538622, "_timestamp": 1703295505.0053241, "_runtime": 39.43139910697937, "_step": 0, "_wandb": {"runtime": 38}}