{"final_rmse": 0.735801234472323, "_timestamp": 1703296998.6926339, "_runtime": 40.153013944625854, "_step": 0, "_wandb": {"runtime": 38}}