{"final_rmse": 0.7293183400925898, "_timestamp": 1703294031.205334, "_runtime": 40.64992594718933, "_step": 0, "_wandb": {"runtime": 39}}