{"final_rmse": 0.8026234099662932, "_timestamp": 1703296668.3929195, "_runtime": 21.966217517852783, "_step": 0, "_wandb": {"runtime": 20}}