{"final_rmse": 0.694309410635804, "_timestamp": 1703295560.7524488, "_runtime": 50.001932859420776, "_step": 0, "_wandb": {"runtime": 48}}