{"final_rmse": 1.0363150789115145, "_timestamp": 1703296384.0024173, "_runtime": 13.15104627609253, "_step": 0, "_wandb": {"runtime": 12}}