{"final_rmse": 0.8921569636027894, "_timestamp": 1703293947.4445372, "_runtime": 22.29723620414734, "_step": 0, "_wandb": {"runtime": 21}}