{"final_rmse": 0.6982080385986044, "_timestamp": 1703294149.8341641, "_runtime": 57.51636719703674, "_step": 0, "_wandb": {"runtime": 56}}