{"final_rmse": 0.7144807644390958, "_timestamp": 1703297755.5538278, "_runtime": 40.2173228263855, "_step": 0, "_wandb": {"runtime": 38}}