{"final_rmse": 0.6900946517307619, "_timestamp": 1703297875.110517, "_runtime": 58.005144119262695, "_step": 0, "_wandb": {"runtime": 56}}