{"final_rmse": 0.7662579968358216, "_timestamp": 1703298428.8894491, "_runtime": 22.35805106163025, "_step": 0, "_wandb": {"runtime": 21}}