id,score
4444cccc,1.066143942319512
0000aaaa,1.0688456939522515
2222bbbb,1.0686315826394956
