id,score
0000aaaa,1.4021258457115575
4444cccc,1.3538443785720162
2222bbbb,1.336026195302745
