id,score
2222bbbb,1.3409245875495623
4444cccc,1.3400970204084541
0000aaaa,1.3410803332981045
