id,score
2222bbbb,1.2404997513612885
0000aaaa,1.2404997513612885
4444cccc,1.244536700544204
