id,score
0000aaaa,-0.82419187
4444cccc,-2.186374
2222bbbb,-2.2646074
