id,score
0000aaaa,1.5875186148970775
4444cccc,1.5846003737029455
2222bbbb,1.5829782509934234
