id,score
2222bbbb,1.4211444344105666
4444cccc,1.429531249671597
0000aaaa,1.4348784551378668
