id,score
0000aaaa,1.6970113892392062
2222bbbb,1.483856776273653
4444cccc,1.4641626186487176
