id,score
0000aaaa,1.2532613024268773
2222bbbb,1.245428078571906
4444cccc,1.248156195089359
