id,score
0000aaaa,1.4206321480308395
2222bbbb,1.3825460899482587
4444cccc,1.3893375989546848
