{"final_rmse": 0.6883172692987656, "_timestamp": 1703296868.250548, "_runtime": 57.6160409450531, "_step": 0, "_wandb": {"runtime": 56}}