{"final_rmse": 0.7062945091038919, "_timestamp": 1703295129.8369913, "_runtime": 56.36128640174866, "_step": 0, "_wandb": {"runtime": 55}}