{"final_rmse": 0.8128776688588478, "_timestamp": 1703298064.783721, "_runtime": 49.45410203933716, "_step": 0, "_wandb": {"runtime": 48}}