{"final_rmse": 0.7668195215595457, "_timestamp": 1703294233.132152, "_runtime": 30.049442052841187, "_step": 0, "_wandb": {"runtime": 28}}