{"final_rmse": 0.9428837080783619, "_timestamp": 1703296888.1565447, "_runtime": 13.53201961517334, "_step": 0, "_wandb": {"runtime": 12}}