{"final_rmse": 0.6835674461693099, "_timestamp": 1703295623.8673353, "_runtime": 56.8676552772522, "_step": 0, "_wandb": {"runtime": 55}}