{"final_rmse": 0.8911451422844676, "_timestamp": 1703294197.0245693, "_runtime": 22.15059518814087, "_step": 0, "_wandb": {"runtime": 20}}