{"final_rmse": 0.7322842618658892, "_timestamp": 1703298634.5935936, "_runtime": 58.40125751495361, "_step": 0, "_wandb": {"runtime": 57}}