{"final_rmse": 1.477195490596326, "_timestamp": 1703294661.0214934, "_runtime": 13.149370431900024, "_step": 0, "_wandb": {"runtime": 12}}