{"final_rmse": 0.8818834514499453, "_timestamp": 1703294442.3700008, "_runtime": 21.850196838378906, "_step": 0, "_wandb": {"runtime": 20}}