{"final_rmse": 0.7410798084872074, "_timestamp": 1703298315.188158, "_runtime": 48.940704107284546, "_step": 0, "_wandb": {"runtime": 47}}