{"final_rmse": 0.7188701015055756, "_timestamp": 1703297302.2567866, "_runtime": 49.02533960342407, "_step": 0, "_wandb": {"runtime": 47}}