{"final_rmse": 0.70245246221449, "_timestamp": 1703294331.8535516, "_runtime": 47.56097054481506, "_step": 0, "_wandb": {"runtime": 46}}