{"final_rmse": 1.435720131779146, "_timestamp": 1703293916.7516448, "_runtime": 15.89151382446289, "_step": 0, "_wandb": {"runtime": 14}}