{"final_rmse": 1.2375737788300927, "_timestamp": 1703294903.6335711, "_runtime": 12.799325227737427, "_step": 0, "_wandb": {"runtime": 11}}