iter	RMSE
0	0.9752457699
50	0.5447110487
100	0.4909875545
150	0.423514824
200	0.3680935444
250	0.3190729778
274	0.2965448078
