iter	RMSE
0	0.9758127393
50	0.5493353983
100	0.4861926823
150	0.4247099798
200	0.3666469012
250	0.3185856035
274	0.2999583369
