iter	RMSE
0	0.9745690039
50	0.5492998982
100	0.4868081712
149	0.4246060249
