iter	RMSE
0	0.973860405
50	0.5456169059
100	0.4874671044
