iter	RMSE
0	0.9691940528
50	0.5481225046
100	0.4880805427
150	0.4303309814
200	0.3827976553
250	0.3382208057
300	0.3007462626
350	0.2696295139
400	0.2459034421
450	0.2218674483
500	0.2003176021
550	0.18144312
600	0.1663525177
650	0.1508979593
700	0.1368651246
750	0.124694739
800	0.1140423607
850	0.102343391
900	0.09200680402
950	0.08281715005
999	0.074925578
