iter	RMSE
0	0.973056744
50	0.5536823119
100	0.4935752693
150	0.4397085413
200	0.392248378
250	0.349399402
300	0.3153462937
350	0.2844060632
400	0.2585038135
450	0.2330292248
500	0.2089740245
550	0.189991059
600	0.1722629405
650	0.156072022
700	0.1398002798
750	0.1252447283
800	0.1129382224
850	0.1015652805
900	0.09117013693
950	0.08282456128
999	0.07582847085
