iter	RMSE
0	0.9741492777
50	0.5541945029
100	0.4886912785
150	0.4238753465
199	0.3723631633
