iter	RMSE
0	0.9749459762
50	0.550241001
100	0.4936739642
150	0.4333317482
200	0.38689941
250	0.3428331742
300	0.3041789892
350	0.2729589977
400	0.242994999
450	0.2181966653
