iter	RMSE
0	0.9747408299
50	0.5421200621
100	0.4843162011
150	0.4162892991
200	0.3646058634
249	0.3146325364
