iter	RMSE
0	0.9744227301
50	0.5452277576
100	0.4843833355
150	0.4184534546
200	0.3638125294
250	0.3168230798
274	0.2969489981
