{"final_rmse": 0.6837819053135864, "_timestamp": 1703294885.1566534, "_runtime": 55.90135335922241, "_step": 0, "_wandb": {"runtime": 54}}