{"final_rmse": 0.7086040971706926, "_timestamp": 1703295752.8276315, "_runtime": 39.46466255187988, "_step": 0, "_wandb": {"runtime": 38}}