{"final_rmse": 0.7021751118291242, "_timestamp": 1703296364.4818435, "_runtime": 56.27917957305908, "_step": 0, "_wandb": {"runtime": 55}}