{"final_rmse": 0.8078482999988081, "_timestamp": 1703296411.3621197, "_runtime": 21.91540265083313, "_step": 0, "_wandb": {"runtime": 20}}