{"final_rmse": 0.8726879036365869, "_timestamp": 1703297895.2672842, "_runtime": 13.41755223274231, "_step": 0, "_wandb": {"runtime": 12}}