{"final_rmse": 0.6962765095286774, "_timestamp": 1703294576.404281, "_runtime": 47.52491283416748, "_step": 0, "_wandb": {"runtime": 46}}