{"final_rmse": 0.7241185358860921, "_timestamp": 1703294278.423961, "_runtime": 39.20483183860779, "_step": 0, "_wandb": {"runtime": 37}}