{"final_rmse": 0.9528813822468025, "_timestamp": 1703297386.8272243, "_runtime": 13.962502241134644, "_step": 0, "_wandb": {"runtime": 12}}