{"final_rmse": 0.748115897026387, "_timestamp": 1703296448.0206015, "_runtime": 30.60533356666565, "_step": 0, "_wandb": {"runtime": 29}}