{"final_rmse": 0.7421443714489405, "_timestamp": 1703296705.2634645, "_runtime": 30.9905264377594, "_step": 0, "_wandb": {"runtime": 29}}