{"final_rmse": 0.7128828649762806, "_timestamp": 1703295067.677348, "_runtime": 47.033015966415405, "_step": 0, "_wandb": {"runtime": 45}}