{"final_rmse": 0.6976968076543588, "_timestamp": 1703296557.7202892, "_runtime": 48.00277829170227, "_step": 0, "_wandb": {"runtime": 46}}