{"final_rmse": 1.0327180986541353, "_timestamp": 1703296137.332811, "_runtime": 12.989137172698975, "_step": 0, "_wandb": {"runtime": 11}}