{"final_rmse": 0.8677186329734425, "_timestamp": 1703298401.1970332, "_runtime": 13.216018199920654, "_step": 0, "_wandb": {"runtime": 12}}