{"final_rmse": 0.7208051907573539, "_timestamp": 1703296248.2843628, "_runtime": 39.028833866119385, "_step": 0, "_wandb": {"runtime": 37}}