{"final_rmse": 0.9440737972123492, "_timestamp": 1703297136.4463573, "_runtime": 13.03987717628479, "_step": 0, "_wandb": {"runtime": 11}}