{"final_rmse": 0.8655598892179692, "_timestamp": 1703298149.474301, "_runtime": 13.273415088653564, "_step": 0, "_wandb": {"runtime": 11}}