{"final_rmse": 1.0300176583217058, "_timestamp": 1703296640.296353, "_runtime": 13.609458208084106, "_step": 0, "_wandb": {"runtime": 12}}