{"final_rmse": 0.7194387534396358, "_timestamp": 1703295258.5923476, "_runtime": 38.71483755111694, "_step": 0, "_wandb": {"runtime": 37}}