{"final_rmse": 0.8709286284289313, "_timestamp": 1703298654.2104373, "_runtime": 12.897879362106323, "_step": 0, "_wandb": {"runtime": 11}}