{"final_rmse": 1.2639650298604752, "_timestamp": 1703295642.684559, "_runtime": 13.065473079681396, "_step": 0, "_wandb": {"runtime": 11}}