{"final_rmse": 0.6996889051302225, "_timestamp": 1703297811.186763, "_runtime": 48.73882699012756, "_step": 0, "_wandb": {"runtime": 47}}