{"final_rmse": 1.2535244190409847, "_timestamp": 1703295395.0426595, "_runtime": 12.954490423202515, "_step": 0, "_wandb": {"runtime": 11}}