{"final_rmse": 0.7488674337126285, "_timestamp": 1703297961.4780922, "_runtime": 31.765989303588867, "_step": 0, "_wandb": {"runtime": 30}}