{"final_rmse": 0.6826527317102089, "_timestamp": 1703294395.0252225, "_runtime": 57.0088415145874, "_step": 0, "_wandb": {"runtime": 55}}