{"final_rmse": 0.7355084141991016, "_timestamp": 1703298214.0190563, "_runtime": 31.352458238601685, "_step": 0, "_wandb": {"runtime": 30}}