{"final_rmse": 0.8376989307929119, "_timestamp": 1703295422.9627962, "_runtime": 21.73214030265808, "_step": 0, "_wandb": {"runtime": 20}}