{"final_rmse": 0.6923314053379591, "_timestamp": 1703296620.8368335, "_runtime": 56.90676140785217, "_step": 0, "_wandb": {"runtime": 55}}