{"final_rmse": 0.7114686053087944, "_timestamp": 1703297557.4703531, "_runtime": 48.9681601524353, "_step": 0, "_wandb": {"runtime": 47}}