{"final_rmse": 0.7297652438395252, "_timestamp": 1703296118.0399535, "_runtime": 57.42694139480591, "_step": 0, "_wandb": {"runtime": 56}}