{"final_rmse": 1.4962071537085475, "_timestamp": 1703294169.1883786, "_runtime": 13.152750492095947, "_step": 0, "_wandb": {"runtime": 11}}