{"final_rmse": 0.7113342088070214, "_timestamp": 1703294086.8283625, "_runtime": 49.28375554084778, "_step": 0, "_wandb": {"runtime": 48}}