{"final_rmse": 0.9542143389049236, "_timestamp": 1703297641.8097203, "_runtime": 13.301242351531982, "_step": 0, "_wandb": {"runtime": 12}}