{"final_rmse": 0.8359041783349238, "_timestamp": 1703295670.602408, "_runtime": 21.80703902244568, "_step": 0, "_wandb": {"runtime": 20}}