{"final_rmse": 0.7497150600812492, "_timestamp": 1703298008.5774002, "_runtime": 40.54429817199707, "_step": 0, "_wandb": {"runtime": 39}}