{"final_rmse": 0.754022428212343, "_timestamp": 1703295707.1250355, "_runtime": 30.52027463912964, "_step": 0, "_wandb": {"runtime": 29}}