{"final_rmse": 0.7061626196338692, "_timestamp": 1703295312.5036044, "_runtime": 47.524325370788574, "_step": 0, "_wandb": {"runtime": 46}}