{"final_rmse": 0.7304581428481998, "_timestamp": 1703298569.982658, "_runtime": 49.83098483085632, "_step": 0, "_wandb": {"runtime": 48}}