{"final_rmse": 0.7666767873975572, "_timestamp": 1703298177.2387192, "_runtime": 22.29817533493042, "_step": 0, "_wandb": {"runtime": 20}}