{"final_rmse": 0.7142818326782925, "_timestamp": 1703298766.3698936, "_runtime": 40.76334762573242, "_step": 0, "_wandb": {"runtime": 39}}