{"final_rmse": 0.7517104425449543, "_timestamp": 1703295459.6074297, "_runtime": 30.59291362762451, "_step": 0, "_wandb": {"runtime": 29}}