{"final_rmse": 0.7330290505294392, "_timestamp": 1703296000.047627, "_runtime": 38.41073799133301, "_step": 0, "_wandb": {"runtime": 37}}