{"final_rmse": 0.7686726929495036, "_timestamp": 1703298682.532655, "_runtime": 22.60245108604431, "_step": 0, "_wandb": {"runtime": 21}}