{"final_rmse": 0.7362658142867871, "_timestamp": 1703298467.0329063, "_runtime": 31.813835382461548, "_step": 0, "_wandb": {"runtime": 30}}