{"final_rmse": 1.0352440808780516, "_timestamp": 1703295890.4219508, "_runtime": 12.950796842575073, "_step": 0, "_wandb": {"runtime": 11}}