{"final_rmse": 1.2561095007768992, "_timestamp": 1703295150.133765, "_runtime": 12.871154069900513, "_step": 0, "_wandb": {"runtime": 11}}