{"final_rmse": 0.6959739361699979, "_timestamp": 1703295806.8111124, "_runtime": 47.29045343399048, "_step": 0, "_wandb": {"runtime": 46}}