{"final_rmse": 0.6963762337330509, "_timestamp": 1703296805.0617483, "_runtime": 48.139413356781006, "_step": 0, "_wandb": {"runtime": 46}}