{"final_rmse": 0.7657825292518727, "_timestamp": 1703294478.3838956, "_runtime": 30.079793691635132, "_step": 0, "_wandb": {"runtime": 28}}