{"final_rmse": 0.7710242450814472, "_timestamp": 1703294724.9818153, "_runtime": 30.326826333999634, "_step": 0, "_wandb": {"runtime": 28}}