{"final_rmse": 0.7161598202610073, "_timestamp": 1703296503.3516772, "_runtime": 47.991926193237305, "_step": 0, "_wandb": {"runtime": 40}}