{"final_rmse": 0.7687137718488036, "_timestamp": 1703298129.438801, "_runtime": 58.059144020080566, "_step": 0, "_wandb": {"runtime": 56}}