{"final_rmse": 0.7454902131545221, "_timestamp": 1703297117.1368484, "_runtime": 58.177154541015625, "_step": 0, "_wandb": {"runtime": 56}}