{"final_rmse": 0.7176188527266414, "_timestamp": 1703294769.8999658, "_runtime": 38.86564564704895, "_step": 0, "_wandb": {"runtime": 37}}