{"final_rmse": 0.7042926793418064, "_timestamp": 1703297621.7160473, "_runtime": 58.36690831184387, "_step": 0, "_wandb": {"runtime": 57}}