{"final_rmse": 0.6896774106955436, "_timestamp": 1703295375.3324609, "_runtime": 56.67252492904663, "_step": 0, "_wandb": {"runtime": 55}}