{"final_rmse": 0.7239524028297163, "_timestamp": 1703296054.9824467, "_runtime": 48.077993631362915, "_step": 0, "_wandb": {"runtime": 46}}