{"final_rmse": 0.7964161659245476, "_timestamp": 1703297417.3874931, "_runtime": 24.46088218688965, "_step": 0, "_wandb": {"runtime": 23}}