{"final_rmse": 0.8325681581504482, "_timestamp": 1703294931.8053226, "_runtime": 21.926751613616943, "_step": 0, "_wandb": {"runtime": 20}}