{"final_rmse": 0.8090684263088528, "_timestamp": 1703295918.3906112, "_runtime": 21.989025115966797, "_step": 0, "_wandb": {"runtime": 20}}