{"final_rmse": 0.7382412272286393, "_timestamp": 1703297053.2005746, "_runtime": 48.860326528549194, "_step": 0, "_wandb": {"runtime": 47}}