{"final_rmse": 0.7212036753944868, "_timestamp": 1703298887.4934852, "_runtime": 58.999874114990234, "_step": 0, "_wandb": {"runtime": 57}}