{"final_rmse": 0.7414058700951942, "_timestamp": 1703298720.1218317, "_runtime": 31.272767543792725, "_step": 0, "_wandb": {"runtime": 30}}