{"final_rmse": 0.8008946341784109, "_timestamp": 1703296165.2604136, "_runtime": 22.139821529388428, "_step": 0, "_wandb": {"runtime": 20}}