{"final_rmse": 0.6762085336176684, "_timestamp": 1703295871.0144753, "_runtime": 57.55765724182129, "_step": 0, "_wandb": {"runtime": 56}}