{"final_rmse": 0.7558184065363841, "_timestamp": 1703295955.464405, "_runtime": 31.155576944351196, "_step": 0, "_wandb": {"runtime": 29}}