{"final_rmse": 0.7579655459889876, "_timestamp": 1703294969.4538014, "_runtime": 31.14323139190674, "_step": 0, "_wandb": {"runtime": 29}}