{"final_rmse": 0.7935105423277685, "_timestamp": 1703297164.3546042, "_runtime": 22.396851301193237, "_step": 0, "_wandb": {"runtime": 21}}