{"final_rmse": 0.7655196768335409, "_timestamp": 1703297923.6577148, "_runtime": 22.11765694618225, "_step": 0, "_wandb": {"runtime": 20}}