{"final_rmse": 0.7930972401007002, "_timestamp": 1703297670.9282324, "_runtime": 22.51175045967102, "_step": 0, "_wandb": {"runtime": 21}}