{"final_rmse": 0.7539970208571376, "_timestamp": 1703298381.7846816, "_runtime": 60.841930627822876, "_step": 0, "_wandb": {"runtime": 59}}