{"final_rmse": 0.750925176880266, "_timestamp": 1703296952.6351304, "_runtime": 30.73614740371704, "_step": 0, "_wandb": {"runtime": 29}}