{"final_rmse": 0.7675182726376608, "_timestamp": 1703293983.9552245, "_runtime": 30.58723545074463, "_step": 0, "_wandb": {"runtime": 29}}