{"final_rmse": 0.7290230204733019, "_timestamp": 1703298259.690586, "_runtime": 40.35714912414551, "_step": 0, "_wandb": {"runtime": 39}}