{"final_rmse": 0.7288652029142242, "_timestamp": 1703298514.3049839, "_runtime": 41.34809374809265, "_step": 0, "_wandb": {"runtime": 39}}