{"final_rmse": 0.7086928084977698, "_timestamp": 1703296302.5211022, "_runtime": 48.210055112838745, "_step": 0, "_wandb": {"runtime": 47}}