{"final_rmse": 0.7178512360065971, "_timestamp": 1703297366.667709, "_runtime": 58.09183716773987, "_step": 0, "_wandb": {"runtime": 56}}