{"final_rmse": 0.7316893369642598, "_timestamp": 1703295014.9446478, "_runtime": 39.279175758361816, "_step": 0, "_wandb": {"runtime": 37}}