{"final_rmse": 0.7560514734041912, "_timestamp": 1703295214.2692578, "_runtime": 30.157391786575317, "_step": 0, "_wandb": {"runtime": 28}}