{"final_rmse": 0.6852589647020118, "_timestamp": 1703294641.2456434, "_runtime": 58.63823342323303, "_step": 0, "_wandb": {"runtime": 57}}