{"final_rmse": 0.7502016584398812, "_timestamp": 1703297456.7154875, "_runtime": 32.94832158088684, "_step": 0, "_wandb": {"runtime": 31}}