{"final_rmse": 0.7126961900437621, "_timestamp": 1703296750.4410956, "_runtime": 39.498379707336426, "_step": 0, "_wandb": {"runtime": 38}}