{"final_rmse": 0.7188863249540878, "_timestamp": 1703297502.265133, "_runtime": 39.72692799568176, "_step": 0, "_wandb": {"runtime": 38}}