{"final_rmse": 0.7468904344545132, "_timestamp": 1703297708.2851586, "_runtime": 31.190414667129517, "_step": 0, "_wandb": {"runtime": 29}}