{"final_rmse": 0.8961077344446083, "_timestamp": 1703294689.0060253, "_runtime": 22.148885250091553, "_step": 0, "_wandb": {"runtime": 20}}