{"final_rmse": 0.7140380680288217, "_timestamp": 1703298822.1751506, "_runtime": 49.72679257392883, "_step": 0, "_wandb": {"runtime": 48}}