{"final_rmse": 1.4882164391641632, "_timestamp": 1703294413.8574529, "_runtime": 12.739215850830078, "_step": 0, "_wandb": {"runtime": 11}}