{"final_rmse": 0.7407686058319605, "_timestamp": 1703297200.749172, "_runtime": 31.01259994506836, "_step": 0, "_wandb": {"runtime": 29}}