{"final_rmse": 0.7209673246119248, "_timestamp": 1703297246.6948574, "_runtime": 39.6301953792572, "_step": 0, "_wandb": {"runtime": 38}}