{"final_rmse": 0.7899525983109549, "_timestamp": 1703296916.0191255, "_runtime": 21.7352294921875, "_step": 0, "_wandb": {"runtime": 20}}