{"final_rmse": 0.7482183312505504, "_timestamp": 1703296203.182953, "_runtime": 30.90837287902832, "_step": 0, "_wandb": {"runtime": 29}}