{"final_rmse": 0.8387415207818529, "_timestamp": 1703295178.026168, "_runtime": 21.732840061187744, "_step": 0, "_wandb": {"runtime": 20}}